press, id
조선비즈,1
이데일리,2
신동아,3
비즈워치,4
매일경제,5
아시아경제,6
연합뉴스,7
헤럴드경제,8
코메디닷컴,9
한국경제TV,10
파이낸셜뉴스,11
디지털타임스,12
헬스조선,13
세계일보,14
서울경제,15
뉴스1,16
아이뉴스24,17
문화일보,18
None,19
중앙일보,20
뉴시스,21
부산일보,22
SBS Biz,23
YTN,24
한국경제,25
한겨레,26
TV조선,27
KBS,28
조선일보,29
데일리안,30
경향신문,31
매경이코노미,32
매일신문,33
JTBC,34
머니투데이,35
오마이뉴스,36
프레시안,37
주간조선,38
SBS,39
국민일보,40
국제신문,41
노컷뉴스,42
한국일보,43
ZDNet Korea,44
채널A,45
연합뉴스TV,46
서울신문,47
MBN,48
블로터,49
MBC,50
전자신문,51
전주MBC,52
중앙SUNDAY,53
시사IN,54
kbc광주방송,55
시사저널,56
강원일보,57
이코노미스트,58
한경비즈니스,59
머니S,60
주간동아,61
조세일보,62
미디어오늘,63
여성신문,64
동아일보,65
강원도민일보,66
더팩트,67
농민신문,68
CJB청주방송,69
JIBS,70
대전일보,71
한겨레21,72
주간경향,73
디지털데일리,74
경기일보,75
더스쿠프,76
뉴스타파,77
월간 산,78
코리아중앙데일리,79
대구MBC,80
동아사이언스,81
스포츠서울,82
비즈니스워치,83
레이디경향,84
일다,85
SBS CNBC,86
기자협회보,87
스포츠조선,88
스포츠경향,89
마이데일리,90
스포츠동아,91
SBS연예뉴스,92
네이버뉴스,93
MK스포츠 ,94
박문성 칼럼,95
OSEN,96
씨네21,97
스포츠월드,98
일간스포츠,99
코리아헤럴드,100
